account_id,first_name,last_name,password,balance_checking,balance_savings,account_status,overdraft_fee
10001,suresh,sigera,juagw362,1000,15100.0,activated,0
10002,james,taylor,idh36%@#FGd,7000.0,13000.0,activated,0
10003,melvin,gordon,uYWE732g4ga1,1000.0,21000.0,activated,0
10004,stacey,abrams,DEU8_qw3y72$,2000,20000,activated,0
10005,jake,paul,d^dg23g)@,100000,100000,activated,0
28262,jana,sandeyouni,3u83j8eu3,1720.0,19.0,activated,0
28192,mona,sharif,4e3i9j3u6,35.0,15.0,activated,0
38382,maya,ahmed,h9u97g8h8,3349.3,75888.6,activated,0
38282,joudi,sandeyouni,3u38eu38j,3777.3,9200.22,activated,0
